Method,Silh,Cal-Har,Dav-Bold
stages_med_3_25_7_10,0.003114237549711302,8.54908879361451,5.405281005232614
stages_mode_3_25_7_10,-0.005451826809223475,7.459566959062305,4.919120172590769
stages_mean_3_25_7_10,0.00929105931851891,7.956981237600556,5.425803341973901
stages_med_4_25_7_10,-0.015454230378592606,7.43797809797391,5.223858597347208
stages_mode_4_25_7_10,-0.01190130323201428,7.083234433810467,5.394300419431882
stages_mean_4_25_7_10,-0.013315204053856475,6.638808418300487,5.602318848899235
stages_med_5_25_7_10,-0.016177145431411848,7.297864705917986,4.836309461522535
stages_mode_5_25_7_10,-0.014081437244595218,7.301575591042426,4.817053051649637
stages_mean_5_25_7_10,-0.015698354054345325,6.254343792029622,5.104255862791067
stages_med_6_25_7_10,-0.030861838357341537,6.836606524343576,4.628175405163439
stages_mode_6_25_7_10,-0.02948047916333762,6.839646367975682,4.5933795021647965
stages_mean_6_25_7_10,-0.03117150946403844,6.388642863001077,4.805383718030131
stages_med_7_25_7_10,-0.04187431174180571,6.008007046436309,5.307880303431936
stages_mode_7_25_7_10,-0.03980252353515643,6.0482650038615455,5.248831581724853
stages_mean_7_25_7_10,-0.04247449125521256,5.834346695373044,5.367671986812406
stages_med_8_25_7_10,-0.12124167699261222,5.370261201314214,5.265190505370051
stages_mode_8_25_7_10,-0.12077718365391994,5.404964547885587,5.2284019522908896
stages_mean_8_25_7_10,-0.040451305879976474,5.139768587331198,5.472594141690156
stages_med_9_25_7_10,-0.12660462697028502,4.943855945780928,4.98362830746749
stages_mode_9_25_7_10,-0.13041648472711165,4.950542827717662,4.9846707641475625
stages_mean_9_25_7_10,-0.06591510686863135,4.775400796767312,5.193900324651724
stages_med_10_25_7_10,-0.10634794508748398,11.179229313695982,4.592452366278955
stages_mode_10_25_7_10,-0.11009253266431009,11.187181352974504,4.598828496608146
stages_mean_10_25_7_10,-0.10687516396104114,11.118970317235947,4.625294236447713
stages_med_11_25_7_10,-0.1081603070594264,10.243667679936909,4.47932131212962
stages_mode_11_25_7_10,-0.11189095992057171,10.24098438339957,4.456184682546984
stages_mean_11_25_7_10,-0.10869808679206813,10.189077813326104,4.508873024972714
stages_med_12_25_7_10,-0.12468884010342375,9.377298793415413,4.295592717581113
stages_mode_12_25_7_10,-0.1277847442860865,9.3748554864318,4.274384140463698
stages_mean_12_25_7_10,-0.12522262711001905,9.327591483077446,4.322681787687284
stages_med_13_25_7_10,-0.13316780672270223,8.68618496644661,4.019665693650754
stages_mode_13_25_7_10,-0.13316780672270223,8.68618496644661,4.019665693650754
stages_mean_13_25_7_10,-0.13372245001319974,8.640470529363855,4.044268049883844
stages_med_3_25_7_15,0.003114237549711302,8.54908879361451,5.405281005232614
stages_mode_3_25_7_15,0.003114237549711302,8.54908879361451,5.405281005232614
stages_mean_3_25_7_15,0.007203196982956225,7.850474310043293,5.464385179599202
stages_med_4_25_7_15,-0.01253515640664525,6.9090671068244855,5.552599426025861
stages_mode_4_25_7_15,-0.02338738273344021,6.688762781905055,6.081261767451416
stages_mean_4_25_7_15,-0.012151545175581093,6.318399926194809,5.8954695813569895
stages_med_5_25_7_15,-0.016334127550800517,7.185683194931746,4.864679419406353
stages_mode_5_25_7_15,-0.021597150623365,6.9937697767520515,5.329907249180858
stages_mean_5_25_7_15,-0.014842539788915095,5.9495793567744375,5.585689345315316
stages_med_6_25_7_15,-0.030831782576564434,6.7447123524608035,4.646077462357851
stages_mode_6_25_7_15,-0.037631887651753966,6.3343360323750595,4.972961303277104
stages_mean_6_25_7_15,-0.031009079499415875,6.357642247464353,4.924393250201997
stages_med_7_25_7_15,-0.04226523324092119,5.958995963460973,5.4701292058270665
stages_mode_7_25_7_15,-0.04419547886597509,5.6644292929780065,5.555970401355346
stages_mean_7_25_7_15,-0.04295129363551813,5.910568725705831,5.407654114173667
stages_med_8_25_7_15,-0.04364665897107933,5.547171392516672,5.179032204732526
stages_mode_8_25_7_15,-0.04559746786284699,5.08366813466024,5.803720273498637
stages_mean_8_25_7_15,-0.044240690060786014,5.362965746533121,5.181174533792722
stages_med_9_25_7_15,-0.04355499868196625,5.919260709433939,5.061243461679397
stages_mode_9_25_7_15,-0.04237777256294635,5.830963349689642,5.468232030014676
stages_mean_9_25_7_15,-0.042354192929520404,4.828541904572693,5.2945025534686785
stages_med_10_25_7_15,-0.0631615830516805,5.492457071877309,4.822504400296524
stages_mode_10_25_7_15,-0.07278112896358448,5.481382914598692,4.9412813122900765
stages_mean_10_25_7_15,-0.06680853688905761,4.575510786770336,5.010616885569654
stages_med_11_25_7_15,-0.07398759444071852,5.117576992993267,4.852487269472839
stages_mode_11_25_7_15,-0.08792133011048694,5.18747848391351,4.744377611904962
stages_mean_11_25_7_15,-0.07780951631256874,4.273043967798053,4.973359452789977
stages_med_12_25_7_15,-0.10831234957373272,9.676424249538547,4.653813339578979
stages_mode_12_25_7_15,-0.11496524088730177,9.758779934513155,4.554712820141758
stages_mean_12_25_7_15,-0.10888392457720458,9.62598479587753,4.696891603899307
stages_med_13_25_7_15,-0.1109336162913104,9.10096370134886,4.506605922143788
stages_mode_13_25_7_15,-0.11468193571359139,9.092086384424746,4.473577384476245
stages_mean_13_25_7_15,-0.11151707364658033,9.054229005282393,4.5463704738240915
stages_med_3_25_7_20,0.003114237549711302,8.54908879361451,5.405281005232614
stages_mode_3_25_7_20,0.003114237549711302,8.54908879361451,5.405281005232614
stages_mean_3_25_7_20,0.008105987079890648,6.889600918301678,5.722037367299522
stages_med_4_25_7_20,-0.01253515640664525,6.9090671068244855,5.552599426025861
stages_mode_4_25_7_20,-0.02338738273344021,6.688762781905055,6.081261767451416
stages_mean_4_25_7_20,-0.01391830313252039,5.631513609583716,6.165665623141978
stages_med_5_25_7_20,-0.016334127550800517,7.185683194931746,4.864679419406353
stages_mode_5_25_7_20,-0.021597150623365,6.9937697767520515,5.329907249180858
stages_mean_5_25_7_20,-0.01777045230548415,5.389529663551521,5.964994115986512
stages_med_6_25_7_20,-0.03214748796357182,6.658442945750076,4.763160157377448
stages_mode_6_25_7_20,-0.038544470086257325,6.232930530062085,5.031035033924431
stages_mean_6_25_7_20,-0.028260849350839452,5.673443151085944,5.368756874391047
stages_med_7_25_7_20,-0.04240504670260498,5.90478768573699,5.604666011273814
stages_mode_7_25_7_20,-0.04509874864017571,5.579100587569488,5.636729874851495
stages_mean_7_25_7_20,-0.04093210591474524,5.634126537866606,5.714966287604471
stages_med_8_25_7_20,-0.04433956638105269,5.481633986713325,5.357168106144545
stages_mode_8_25_7_20,-0.046426928528107494,5.010091054765188,5.8434743182636755
stages_mean_8_25_7_20,-0.042844649295574896,5.245579302434648,5.490342561592345
stages_med_9_25_7_20,-0.04876494325969007,5.089438099355615,5.438109149087582
stages_mode_9_25_7_20,-0.05639818917468387,4.6952946995864595,6.068907942311074
stages_mean_9_25_7_20,-0.04918790521537621,4.960624072892326,5.408178637658665
stages_med_10_25_7_20,-0.05316525614624029,5.489165025100927,5.613069821192381
stages_mode_10_25_7_20,-0.052661431471471475,5.412124043533268,5.759341929366409
stages_mean_10_25_7_20,-0.04731758624836495,4.5041696223957075,5.756656489893003
stages_med_11_25_7_20,-0.0612526584991131,5.195051820038311,5.424576698881504
stages_mode_11_25_7_20,-0.06122271608058101,5.12497120023462,5.594524450667508
stages_mean_11_25_7_20,-0.05972347708538228,4.253900055259709,5.577526315345978
stages_med_12_25_7_20,-0.07436062514918107,4.914248959329467,5.2119117639213
stages_mode_12_25_7_20,-0.08237118568631965,4.906762276702118,5.176130848114795
stages_mean_12_25_7_20,-0.07699418697357262,4.101853944108179,5.295373247913831
stages_med_13_25_7_20,-0.10578080760377033,9.171726953843441,4.996765145352456
stages_mode_13_25_7_20,-0.10930707714131896,9.162816343741575,4.963736607684913
stages_mean_13_25_7_20,-0.10694596433498925,9.122109332409067,4.988151819250236
stages_med_3_25_8_10,0.003114237549711302,8.54908879361451,5.405281005232614
stages_mode_3_25_8_10,-0.005451826809223475,7.459566959062305,4.919120172590769
stages_mean_3_25_8_10,0.009173730173600295,6.765957352793758,5.76099057737738
stages_med_4_25_8_10,-0.015454230378592606,7.43797809797391,5.223858597347208
stages_mode_4_25_8_10,-0.01190130323201428,7.083234433810467,5.394300419431882
stages_mean_4_25_8_10,-0.01253095996768789,5.912725241564623,5.985594080983067
stages_med_5_25_8_10,-0.016334127550800517,7.185683194931746,4.864679419406353
stages_mode_5_25_8_10,-0.016334127550800517,7.185683194931746,4.864679419406353
stages_mean_5_25_8_10,-0.015869213132948774,5.734628951890175,5.421393008247565
stages_med_6_25_8_10,-0.03499453217785063,6.12177182004105,5.514458506107691
stages_mode_6_25_8_10,-0.03499453217785063,6.12177182004105,5.514458506107691
stages_mean_6_25_8_10,-0.0360016350959233,5.660305196753698,5.6126074843931315
stages_med_7_25_8_10,-0.041208652565140405,5.936998983719328,5.387677654250685
stages_mode_7_25_8_10,-0.041208652565140405,5.936998983719328,5.387677654250685
stages_mean_7_25_8_10,-0.040991937620143595,5.763472436414156,5.6058259613207975
stages_med_8_25_8_10,-0.0429692071741751,5.467978813658287,5.1156167272697015
stages_mode_8_25_8_10,-0.0429692071741751,5.467978813658287,5.1156167272697015
stages_mean_8_25_8_10,-0.04252269877724573,5.217962626913504,5.457012868984261
stages_med_9_25_8_10,-0.1193189425942066,4.97852862890807,5.110571523538599
stages_mode_9_25_8_10,-0.1193189425942066,4.97852862890807,5.110571523538599
stages_mean_9_25_8_10,-0.040526169954149066,4.699513234062581,5.479269179379333
stages_med_10_25_8_10,-0.12437875583206445,4.701212781727452,4.856799909850391
stages_mode_10_25_8_10,-0.12437875583206445,4.701212781727452,4.856799909850391
stages_mean_10_25_8_10,-0.05577226740206734,4.428818561275521,5.212664439300889
stages_med_11_25_8_10,-0.12512159739629003,4.487041840432335,4.840009168990971
stages_mode_11_25_8_10,-0.12512159739629003,4.487041840432335,4.840009168990971
stages_mean_11_25_8_10,-0.060208058808791015,4.328454507217491,5.108530613094098
stages_med_12_25_8_10,-0.12475085705160303,4.3071330977540265,4.657423417448557
stages_mode_12_25_8_10,-0.12475085705160303,4.3071330977540265,4.657423417448557
stages_mean_12_25_8_10,-0.06928397402222053,4.191254659619475,4.854181248491398
stages_med_13_25_8_10,-0.1262329391911242,4.066452374972139,4.544202659971235
stages_mode_13_25_8_10,-0.1262329391911242,4.066452374972139,4.544202659971235
stages_mean_13_25_8_10,-0.0751812615439371,3.9647504166302645,4.718590819472586
stages_med_3_25_8_15,0.003114237549711302,8.54908879361451,5.405281005232614
stages_mode_3_25_8_15,0.003114237549711302,8.54908879361451,5.405281005232614
stages_mean_3_25_8_15,0.006724504738719215,6.842665387774019,5.729762587874318
stages_med_4_25_8_15,-0.013751828696067225,7.395481697275497,5.262402626847429
stages_mode_4_25_8_15,-0.002782210412545219,7.065797290111638,5.576282602464998
stages_mean_4_25_8_15,-0.013601958898199302,5.907576827649708,6.07620512721101
stages_med_5_25_8_15,-0.016334127550800517,7.185683194931746,4.864679419406353
stages_mode_5_25_8_15,-0.008257625221709338,7.1721091982320315,4.98478608096106
stages_mean_5_25_8_15,-0.017707321310591675,5.2609357318555965,6.234695667823017
stages_med_6_25_8_15,-0.03499453217785063,6.12177182004105,5.514458506107691
stages_mode_6_25_8_15,-0.030224770682378513,6.110832089956908,5.573324910150254
stages_mean_6_25_8_15,-0.03703287892154808,5.293895247136493,6.141153916583499
stages_med_7_25_8_15,-0.041208652565140405,5.936998983719328,5.387677654250685
stages_mode_7_25_8_15,-0.03913508350142405,5.818985103367335,5.486536984356668
stages_mean_7_25_8_15,-0.04149738108998543,5.32930817585529,5.786986087802505
stages_med_8_25_8_15,-0.0429692071741751,5.467978813658287,5.1156167272697015
stages_mode_8_25_8_15,-0.04109632125607766,5.365663545464188,5.237826156596858
stages_mean_8_25_8_15,-0.04392475878070564,5.346268355533684,5.211477603461638
stages_med_9_25_8_15,-0.04328455423387017,5.84704792760276,5.018590159691432
stages_mode_9_25_8_15,-0.04328455423387017,5.84704792760276,5.018590159691432
stages_mean_9_25_8_15,-0.041405881158040565,4.814962308949554,5.2968075458524435
stages_med_10_25_8_15,-0.06257937103691173,5.481479895456975,4.7713223568312335
stages_mode_10_25_8_15,-0.06257937103691173,5.481479895456975,4.7713223568312335
stages_mean_10_25_8_15,-0.05574497389955705,4.563785398347279,5.04534666645417
stages_med_11_25_8_15,-0.06590213765937422,5.240892062086088,4.758494735595124
stages_mode_11_25_8_15,-0.06590213765937422,5.240892062086088,4.758494735595124
stages_mean_11_25_8_15,-0.059452903500554696,4.387120832640545,5.034755594155083
stages_med_12_25_8_15,-0.08154632538967954,5.005454719429394,4.8344133957644955
stages_mode_12_25_8_15,-0.08154632538967954,5.005454719429394,4.8344133957644955
stages_mean_12_25_8_15,-0.07574532929995793,4.202508408087508,4.905496830092365
stages_med_13_25_8_15,-0.08101554777861737,4.806008863486775,4.658452719646703
stages_mode_13_25_8_15,-0.08101554777861737,4.806008863486775,4.658452719646703
stages_mean_13_25_8_15,-0.08439798099157139,4.061618121022241,4.70995340528522
stages_med_3_25_8_20,0.003114237549711302,8.54908879361451,5.405281005232614
stages_mode_3_25_8_20,0.003114237549711302,8.54908879361451,5.405281005232614
stages_mean_3_25_8_20,0.005774131496236478,6.673328548645419,5.770338063814823
stages_med_4_25_8_20,-0.01253515640664525,6.9090671068244855,5.552599426025861
stages_mode_4_25_8_20,-0.002782210412545219,7.065797290111638,5.576282602464998
stages_mean_4_25_8_20,-0.014328087914502196,5.644368655420238,6.2259919760011755
stages_med_5_25_8_20,-0.016334127550800517,7.185683194931746,4.864679419406353
stages_mode_5_25_8_20,-0.008257625221709338,7.1721091982320315,4.98478608096106
stages_mean_5_25_8_20,-0.01840229517275254,5.151110371097151,6.4746374109453315
stages_med_6_25_8_20,-0.03499453217785063,6.12177182004105,5.514458506107691
stages_mode_6_25_8_20,-0.030224770682378513,6.110832089956908,5.573324910150254
stages_mean_6_25_8_20,-0.038821047280319265,5.286440325046565,6.256699457785231
stages_med_7_25_8_20,-0.041208652565140405,5.936998983719328,5.387677654250685
stages_mode_7_25_8_20,-0.03913508350142405,5.818985103367335,5.486536984356668
stages_mean_7_25_8_20,-0.04039314706042318,5.310570784857627,6.020361781125514
stages_med_8_25_8_20,-0.0429692071741751,5.467978813658287,5.1156167272697015
stages_mode_8_25_8_20,-0.04109632125607766,5.365663545464188,5.237826156596858
stages_mean_8_25_8_20,-0.04291082092148681,5.257099804138424,5.3861056446691205
stages_med_9_25_8_20,-0.04328455423387017,5.84704792760276,5.018590159691432
stages_mode_9_25_8_20,-0.04328455423387017,5.84704792760276,5.018590159691432
stages_mean_9_25_8_20,-0.04039016491855513,4.74739099318028,5.413038998187366
stages_med_10_25_8_20,-0.0526515706278424,5.474783591625278,5.235208859460238
stages_mode_10_25_8_20,-0.0526515706278424,5.474783591625278,5.235208859460238
stages_mean_10_25_8_20,-0.04693939282363562,4.48567015770462,5.511210953837605
stages_med_11_25_8_20,-0.06662137074100023,5.185076774276231,4.989945885012012
stages_mode_11_25_8_20,-0.06662137074100023,5.185076774276231,4.989945885012012
stages_mean_11_25_8_20,-0.05844941213234197,4.293928648934517,5.2538721512263455
stages_med_12_25_8_20,-0.08169077671405091,4.954144325109846,5.107981246511143
stages_mode_12_25_8_20,-0.08169077671405091,4.954144325109846,5.107981246511143
stages_mean_12_25_8_20,-0.06861725096868548,4.027938526252479,5.171801231720041
stages_med_13_25_8_20,-0.08426082776797923,4.784931891796561,4.896314899422746
stages_mode_13_25_8_20,-0.08426082776797923,4.784931891796561,4.896314899422746
stages_mean_13_25_8_20,-0.07384156292275104,3.963870113071524,5.0994746220251574
stages_med_3_25_9_10,0.003114237549711302,8.54908879361451,5.405281005232614
stages_mode_3_25_9_10,-0.005451826809223475,7.459566959062305,4.919120172590769
stages_mean_3_25_9_10,0.008703868779036074,6.70528775968078,5.784374057170904
stages_med_4_25_9_10,-0.015454230378592606,7.43797809797391,5.223858597347208
stages_mode_4_25_9_10,-0.01594618928311476,7.595191266424969,5.126453218995666
stages_mean_4_25_9_10,-0.010460311447492394,5.44981213956006,6.312068396055801
stages_med_5_25_9_10,-0.016334127550800517,7.185683194931746,4.864679419406353
stages_mode_5_25_9_10,-0.016334127550800517,7.185683194931746,4.864679419406353
stages_mean_5_25_9_10,-0.016227635919637374,5.42106341298249,5.845711891917552
stages_med_6_25_9_10,-0.03499453217785063,6.12177182004105,5.514458506107691
stages_mode_6_25_9_10,-0.03499453217785063,6.12177182004105,5.514458506107691
stages_mean_6_25_9_10,-0.03535316197459343,5.409149555320273,5.951628910620669
stages_med_7_25_9_10,-0.041208652565140405,5.936998983719328,5.387677654250685
stages_mode_7_25_9_10,-0.041208652565140405,5.936998983719328,5.387677654250685
stages_mean_7_25_9_10,-0.036924829827049935,5.540260821553329,5.75027943750508
stages_med_8_25_9_10,-0.0429692071741751,5.467978813658287,5.1156167272697015
stages_mode_8_25_9_10,-0.0429692071741751,5.467978813658287,5.1156167272697015
stages_mean_8_25_9_10,-0.0397467176409694,5.039921507624619,5.544284362518065
stages_med_9_25_9_10,-0.0493471818813697,5.0185430606967945,5.338343315122007
stages_mode_9_25_9_10,-0.0493471818813697,5.0185430606967945,5.338343315122007
stages_mean_9_25_9_10,-0.049306458304754386,4.916708003827246,5.300516801754122
stages_med_10_25_9_10,-0.11965700605809566,4.634149327912089,5.311529972978784
stages_mode_10_25_9_10,-0.11965700605809566,4.634149327912089,5.311529972978784
stages_mean_10_25_9_10,-0.04725716683439642,4.477284261345923,5.5096748141664085
stages_med_11_25_9_10,-0.12381821621384241,4.4203659707648395,5.068148346142906
stages_mode_11_25_9_10,-0.12381821621384241,4.4203659707648395,5.068148346142906
stages_mean_11_25_9_10,-0.05872741810271907,4.25352852669038,5.287647205098602
stages_med_12_25_9_10,-0.12383513830502149,4.245873701535523,4.869191891798287
stages_mode_12_25_9_10,-0.12383513830502149,4.245873701535523,4.869191891798287
stages_mean_12_25_9_10,-0.06794216076975156,4.122303724144234,5.018881031175604
stages_med_13_25_9_10,-0.1036186175636046,9.16573999699408,4.477514313678717
stages_mode_13_25_9_10,-0.1036186175636046,9.16573999699408,4.477514313678717
stages_mean_13_25_9_10,-0.10392814386448047,9.122661474319965,4.464330259568736
stages_med_3_25_9_15,0.003114237549711302,8.54908879361451,5.405281005232614
stages_mode_3_25_9_15,0.003114237549711302,8.54908879361451,5.405281005232614
stages_mean_3_25_9_15,0.008070243532172665,7.141165528174054,5.502620120624619
stages_med_4_25_9_15,-0.013751828696067225,7.395481697275497,5.262402626847429
stages_mode_4_25_9_15,-0.01190130323201428,7.083234433810467,5.394300419431882
stages_mean_4_25_9_15,-0.015081028833742504,5.720527784492521,6.0718623243337495
stages_med_5_25_9_15,-0.016334127550800517,7.185683194931746,4.864679419406353
stages_mode_5_25_9_15,-0.016334127550800517,7.185683194931746,4.864679419406353
stages_mean_5_25_9_15,-0.017970626309053158,5.257305908879408,6.350741473181726
stages_med_6_25_9_15,-0.03499453217785063,6.12177182004105,5.514458506107691
stages_mode_6_25_9_15,-0.03499453217785063,6.12177182004105,5.514458506107691
stages_mean_6_25_9_15,-0.03726239190449838,5.290913609325556,6.161785454580748
stages_med_7_25_9_15,-0.041208652565140405,5.936998983719328,5.387677654250685
stages_mode_7_25_9_15,-0.041208652565140405,5.936998983719328,5.387677654250685
stages_mean_7_25_9_15,-0.03912379935257748,5.374385053879668,5.820445525002645
stages_med_8_25_9_15,-0.0429692071741751,5.467978813658287,5.1156167272697015
stages_mode_8_25_9_15,-0.0429692071741751,5.467978813658287,5.1156167272697015
stages_mean_8_25_9_15,-0.04132383376748304,5.181882571138181,5.530870552776454
stages_med_9_25_9_15,-0.1193189425942066,4.97852862890807,5.110571523538599
stages_mode_9_25_9_15,-0.1193189425942066,4.97852862890807,5.110571523538599
stages_mean_9_25_9_15,-0.038444565379980575,4.669720364820353,5.5058627478142945
stages_med_10_25_9_15,-0.11965700605809566,4.634149327912089,5.311529972978784
stages_mode_10_25_9_15,-0.11965700605809566,4.634149327912089,5.311529972978784
stages_mean_10_25_9_15,-0.04707901960834502,4.498951418088452,5.4709170249033345
stages_med_11_25_9_15,-0.12381821621384241,4.4203659707648395,5.068148346142906
stages_mode_11_25_9_15,-0.12381821621384241,4.4203659707648395,5.068148346142906
stages_mean_11_25_9_15,-0.05853411917337174,4.306013615535939,5.21920847466246
stages_med_12_25_9_15,-0.1308156518916708,4.251256025475099,4.921379353060024
stages_mode_12_25_9_15,-0.1308156518916708,4.251256025475099,4.921379353060024
stages_mean_12_25_9_15,-0.07486088623406112,4.128046412032371,5.074578637224127
stages_med_13_25_9_15,-0.13063093838797032,4.107151771822058,4.749017163902135
stages_mode_13_25_9_15,-0.13063093838797032,4.107151771822058,4.749017163902135
stages_mean_13_25_9_15,-0.08376388388285283,3.9926337629198208,4.869218427685759
stages_med_3_25_9_20,0.003114237549711302,8.54908879361451,5.405281005232614
stages_mode_3_25_9_20,0.003114237549711302,8.54908879361451,5.405281005232614
stages_mean_3_25_9_20,0.006149396229344367,6.640178778832265,5.792112946317445
stages_med_4_25_9_20,-0.01253515640664525,6.9090671068244855,5.552599426025861
stages_mode_4_25_9_20,-0.01190130323201428,7.083234433810467,5.394300419431882
stages_mean_4_25_9_20,-0.015109092872297511,5.568126509708696,6.1141472129472625
stages_med_5_25_9_20,-0.016334127550800517,7.185683194931746,4.864679419406353
stages_mode_5_25_9_20,-0.016334127550800517,7.185683194931746,4.864679419406353
stages_mean_5_25_9_20,-0.01811412389093212,5.134432329748167,6.373901764844428
stages_med_6_25_9_20,-0.03499453217785063,6.12177182004105,5.514458506107691
stages_mode_6_25_9_20,-0.03499453217785063,6.12177182004105,5.514458506107691
stages_mean_6_25_9_20,-0.03793466868137596,5.2717361592870455,6.2843678635245475
stages_med_7_25_9_20,-0.041208652565140405,5.936998983719328,5.387677654250685
stages_mode_7_25_9_20,-0.041208652565140405,5.936998983719328,5.387677654250685
stages_mean_7_25_9_20,-0.0406570332751377,5.247210026976532,5.8668122657390995
stages_med_8_25_9_20,-0.0429692071741751,5.467978813658287,5.1156167272697015
stages_mode_8_25_9_20,-0.0429692071741751,5.467978813658287,5.1156167272697015
stages_mean_8_25_9_20,-0.04202988735897839,5.194595320961008,5.549753261860899
stages_med_9_25_9_20,-0.0493471818813697,5.0185430606967945,5.338343315122007
stages_mode_9_25_9_20,-0.0493471818813697,5.0185430606967945,5.338343315122007
stages_mean_9_25_9_20,-0.04990827240869135,4.932834441743686,5.372840833474803
stages_med_10_25_9_20,-0.11965700605809566,4.634149327912089,5.311529972978784
stages_mode_10_25_9_20,-0.11965700605809566,4.634149327912089,5.311529972978784
stages_mean_10_25_9_20,-0.04759584571511256,4.482836657377579,5.514046006621607
stages_med_11_25_9_20,-0.12381821621384241,4.4203659707648395,5.068148346142906
stages_mode_11_25_9_20,-0.12381821621384241,4.4203659707648395,5.068148346142906
stages_mean_11_25_9_20,-0.05877711707650241,4.2913503794992005,5.257072984875347
stages_med_12_25_9_20,-0.1308156518916708,4.251256025475099,4.921379353060024
stages_mode_12_25_9_20,-0.1308156518916708,4.251256025475099,4.921379353060024
stages_mean_12_25_9_20,-0.07470075357574751,4.106191719009273,5.119946535858526
stages_med_13_25_9_20,-0.13051134556739,4.014973390078049,4.796528956426197
stages_mode_13_25_9_20,-0.13051134556739,4.014973390078049,4.796528956426197
stages_mean_13_25_9_20,-0.07657364812283012,3.881330097713451,4.981442428797239
stages_med_3_25_10_10,0.003114237549711302,8.54908879361451,5.405281005232614
stages_mode_3_25_10_10,-0.005451826809223475,7.459566959062305,4.919120172590769
stages_mean_3_25_10_10,0.007989317567298404,6.120619592534496,5.979784232047592
stages_med_4_25_10_10,-0.015454230378592606,7.43797809797391,5.223858597347208
stages_mode_4_25_10_10,-0.01594618928311476,7.595191266424969,5.126453218995666
stages_mean_4_25_10_10,-0.005040822060716859,5.484818715929422,6.16519716746648
stages_med_5_25_10_10,-0.016334127550800517,7.185683194931746,4.864679419406353
stages_mode_5_25_10_10,-0.016334127550800517,7.185683194931746,4.864679419406353
stages_mean_5_25_10_10,-0.016558667362558278,5.4005038011640405,5.875655302102598
stages_med_6_25_10_10,-0.03499453217785063,6.12177182004105,5.514458506107691
stages_mode_6_25_10_10,-0.03499453217785063,6.12177182004105,5.514458506107691
stages_mean_6_25_10_10,-0.035634105161180464,5.384908313945574,6.002688158160274
stages_med_7_25_10_10,-0.041208652565140405,5.936998983719328,5.387677654250685
stages_mode_7_25_10_10,-0.041208652565140405,5.936998983719328,5.387677654250685
stages_mean_7_25_10_10,-0.03712057205454327,5.456290756948916,5.787907399485775
stages_med_8_25_10_10,-0.0429692071741751,5.467978813658287,5.1156167272697015
stages_mode_8_25_10_10,-0.0429692071741751,5.467978813658287,5.1156167272697015
stages_mean_8_25_10_10,-0.04122558710028992,4.997616687288846,5.650844326543992
stages_med_9_25_10_10,-0.1193189425942066,4.97852862890807,5.110571523538599
stages_mode_9_25_10_10,-0.1193189425942066,4.97852862890807,5.110571523538599
stages_mean_9_25_10_10,-0.03870333747580917,4.515619914328586,5.6288002859737745
stages_med_10_25_10_10,-0.11965700605809566,4.634149327912089,5.311529972978784
stages_mode_10_25_10_10,-0.11965700605809566,4.634149327912089,5.311529972978784
stages_mean_10_25_10_10,-0.04837249370609132,4.443669697743403,5.610328298308765
stages_med_11_25_10_10,-0.12381821621384241,4.4203659707648395,5.068148346142906
stages_mode_11_25_10_10,-0.12381821621384241,4.4203659707648395,5.068148346142906
stages_mean_11_25_10_10,-0.06010565607830615,4.209609557939819,5.33515373632508
stages_med_12_25_10_10,-0.12383513830502149,4.245873701535523,4.869191891798287
stages_mode_12_25_10_10,-0.12383513830502149,4.245873701535523,4.869191891798287
stages_mean_12_25_10_10,-0.06918862757922067,4.0818880521215855,5.067209174003225
stages_med_13_25_10_10,-0.1036186175636046,9.16573999699408,4.477514313678717
stages_mode_13_25_10_10,-0.1036186175636046,9.16573999699408,4.477514313678717
stages_mean_13_25_10_10,-0.10445906142233714,9.072526236946679,4.492705989184638
stages_med_3_25_10_15,0.003114237549711302,8.54908879361451,5.405281005232614
stages_mode_3_25_10_15,0.003114237549711302,8.54908879361451,5.405281005232614
stages_mean_3_25_10_15,0.00840842792968975,7.15292438759024,5.488996927333877
stages_med_4_25_10_15,-0.013751828696067225,7.395481697275497,5.262402626847429
stages_mode_4_25_10_15,-0.01190130323201428,7.083234433810467,5.394300419431882
stages_mean_4_25_10_15,-0.012991505760614969,5.862555515075696,6.00892782148383
stages_med_5_25_10_15,-0.016334127550800517,7.185683194931746,4.864679419406353
stages_mode_5_25_10_15,-0.016334127550800517,7.185683194931746,4.864679419406353
stages_mean_5_25_10_15,-0.017739496017605192,5.248572080874923,6.3225904463138205
stages_med_6_25_10_15,-0.03499453217785063,6.12177182004105,5.514458506107691
stages_mode_6_25_10_15,-0.03499453217785063,6.12177182004105,5.514458506107691
stages_mean_6_25_10_15,-0.03714399792754806,5.283739413483578,6.169180241222764
stages_med_7_25_10_15,-0.041208652565140405,5.936998983719328,5.387677654250685
stages_mode_7_25_10_15,-0.041208652565140405,5.936998983719328,5.387677654250685
stages_mean_7_25_10_15,-0.03912379935257748,5.374385053879668,5.820445525002645
stages_med_8_25_10_15,-0.0429692071741751,5.467978813658287,5.1156167272697015
stages_mode_8_25_10_15,-0.0429692071741751,5.467978813658287,5.1156167272697015
stages_mean_8_25_10_15,-0.04165497838180408,5.206139373673504,5.492725526981868
stages_med_9_25_10_15,-0.1193189425942066,4.97852862890807,5.110571523538599
stages_mode_9_25_10_15,-0.1193189425942066,4.97852862890807,5.110571523538599
stages_mean_9_25_10_15,-0.038832966344753084,4.691015433971769,5.474445494249838
stages_med_10_25_10_15,-0.11965700605809566,4.634149327912089,5.311529972978784
stages_mode_10_25_10_15,-0.11965700605809566,4.634149327912089,5.311529972978784
stages_mean_10_25_10_15,-0.04730181785059696,4.518145703829637,5.449277365020277
stages_med_11_25_10_15,-0.12381821621384241,4.4203659707648395,5.068148346142906
stages_mode_11_25_10_15,-0.12381821621384241,4.4203659707648395,5.068148346142906
stages_mean_11_25_10_15,-0.05897519619616147,4.321975650400295,5.204409762262524
stages_med_12_25_10_15,-0.1308156518916708,4.251256025475099,4.921379353060024
stages_mode_12_25_10_15,-0.1308156518916708,4.251256025475099,4.921379353060024
stages_mean_12_25_10_15,-0.07510937153353878,4.141013282754946,5.063299290742491
stages_med_13_25_10_15,-0.11087703302258715,9.172386996503587,4.708347353872851
stages_mode_13_25_10_15,-0.11087703302258715,9.172386996503587,4.708347353872851
stages_mean_13_25_10_15,-0.10840272989002658,9.145876879702676,4.7047935023386565
stages_med_3_25_10_20,0.003114237549711302,8.54908879361451,5.405281005232614
stages_mode_3_25_10_20,0.003114237549711302,8.54908879361451,5.405281005232614
stages_mean_3_25_10_20,0.006559751418115481,6.685459317172406,5.757014077602695
stages_med_4_25_10_20,-0.01253515640664525,6.9090671068244855,5.552599426025861
stages_mode_4_25_10_20,-0.002782210412545219,7.065797290111638,5.576282602464998
stages_mean_4_25_10_20,-0.015432298617610354,5.612905348087614,6.081382197379346
stages_med_5_25_10_20,-0.016334127550800517,7.185683194931746,4.864679419406353
stages_mode_5_25_10_20,-0.008257625221709338,7.1721091982320315,4.98478608096106
stages_mean_5_25_10_20,-0.01840229517275254,5.151110371097151,6.4746374109453315
stages_med_6_25_10_20,-0.03499453217785063,6.12177182004105,5.514458506107691
stages_mode_6_25_10_20,-0.030224770682378513,6.110832089956908,5.573324910150254
stages_mean_6_25_10_20,-0.039956434641786075,5.275871872442336,6.283997517219849
stages_med_7_25_10_20,-0.041208652565140405,5.936998983719328,5.387677654250685
stages_mode_7_25_10_20,-0.03913508350142405,5.818985103367335,5.486536984356668
stages_mean_7_25_10_20,-0.04169702593627026,5.238187224042359,5.900004242757291
stages_med_8_25_10_20,-0.0429692071741751,5.467978813658287,5.1156167272697015
stages_mode_8_25_10_20,-0.04109632125607766,5.365663545464188,5.237826156596858
stages_mean_8_25_10_20,-0.04284999294494766,5.187034568073731,5.585129246769167
stages_med_9_25_10_20,-0.04956458730697308,5.016213768025056,5.398133884047284
stages_mode_9_25_10_20,-0.04722590944103677,4.967029449396647,5.2892524766054025
stages_mean_9_25_10_20,-0.049269974582776266,4.963100537205411,5.318995423663369
stages_med_10_25_10_20,-0.11960372729618021,4.632066893976789,5.365341485011535
stages_mode_10_25_10_20,-0.11965700605809566,4.634149327912089,5.311529972978784
stages_mean_10_25_10_20,-0.04717331583010024,4.50766525805308,5.626483620398738
stages_med_11_25_10_20,-0.1277085073792492,4.422775444198053,5.177671065513686
stages_mode_11_25_10_20,-0.12773998858034064,4.424669967538305,5.128751509120279
stages_mean_11_25_10_20,-0.06509265582759681,4.172687812678021,5.5606867689177
stages_med_12_25_10_20,-0.13074183192502561,4.249515283904808,4.967765191743895
stages_mode_12_25_10_20,-0.1308156518916708,4.251256025475099,4.921379353060024
stages_mean_12_25_10_20,-0.07240414632487534,4.0276031789612,5.333021478375255
stages_med_13_25_10_20,-0.13135380919059508,4.1744712138122395,4.737715577344404
stages_mode_13_25_10_20,-0.13135380919059508,4.1744712138122395,4.737715577344404
stages_mean_13_25_10_20,-0.08167483626645784,3.8792824352308566,5.3056847824615705
